{
  "version": "1.0",
  "defaultProvider": "cdnjs",
  "libraries": [
    {
      "library": "jquery@3.5.1",
      "destination": "wwwroot/lib/jquery/"
    },
    {
      "library": "jquery-validate@1.19.2",
      "destination": "wwwroot/lib/jquery-validate/",
      "files": [
        "jquery.validate.min.js",
        "jquery.validate.js"
      ]
    },
    {
      "library": "twitter-bootstrap@4.5.3",
      "destination": "wwwroot/lib/twitter-bootstrap/"
    },
    {
      "library": "font-awesome@5.15.1",
      "destination": "wwwroot/lib/font-awesome/"
    },
    {
      "library": "datatables@1.10.21",
      "destination": "wwwroot/lib/datatables/"
    }
  ]
}